2.609024943310658	3.034013605442177	DISTRESS
7.266643990929706	7.383219954648527	SOFT
9.105351473922903	9.480340136054423	DISTRESS
11.250589569160999	11.365555555555558	SOFT
16.33140589569161	16.65639455782313	DISTRESS
21.369750566893426	21.744739229024944	DISTRESS
24.29417233560091	24.669160997732426	DISTRESS
27.769297052154194	28.094285714285714	DISTRESS
31.80764172335601	31.92809523809524	SOFT
35.37605442176871	35.49600907029478	SOFT
35.844693877551016	36.269682539682535	DISTRESS
39.292653061224485	39.717641723356	DISTRESS
43.56013605442176	43.89478458049886	DISTRESS
45.064104308390014	45.16777777777777	SOFT
46.3144671201814	46.739455782312916	DISTRESS
50.8722902494331	51.0831746031746	SOFT
51.139818594104305	51.51480725623583	DISTRESS
52.312063492063494	52.73705215419501	DISTRESS
54.30201814058957	54.44532879818594	SOFT
56.07485260770975	56.18877551020408	SOFT
57.06399092970521	57.40147392290249	DISTRESS
58.029070294784574	58.404058956916096	DISTRESS
58.60532879818594	58.7107029478458	SOFT
59.49351473922902	59.66260770975056	SOFT
62.65539682539682	63.03038548752834	DISTRESS
66.1222902494331	66.25630385487528	SOFT
69.5667573696145	69.89174603174602	DISTRESS
71.51603174603174	71.99102040816327	DISTRESS
72.80371882086168	73.2787074829932	DISTRESS
78.01861678004535	78.15356009070294	SOFT
78.20648526077096	78.3231065759637	SOFT
82.42850340136053	82.80349206349204	DISTRESS
85.25458049886619	85.67956916099772	DISTRESS
86.91832199546484	87.29331065759635	DISTRESS
88.43396825396823	88.54519274376415	SOFT
92.46399092970519	92.6797505668934	SOFT
93.79730158730156	93.86891156462582	SOFT
97.72673469387752	98.05172335600903	DISTRESS
98.67755102040813	98.80401360544215	SOFT
99.26941043083897	99.48678004535145	SOFT
103.3042857142857	103.43256235827663	SOFT
103.95859410430837	104.33358276643989	DISTRESS
105.91596371882085	106.29095238095236	DISTRESS
107.55705215419499	107.71616780045349	SOFT
108.20036281179136	108.30811791383218	SOFT
108.70317460317457	108.89870748299317	SOFT
110.77405895691608	110.91938775510202	SOFT
110.94965986394556	111.07714285714283	SOFT
112.23897959183671	112.4013378684807	SOFT
117.01344671201811	117.17151927437638	SOFT
119.4663265306122	119.59496598639451	SOFT
122.50984126984123	122.88482993197275	DISTRESS
124.83693877551016	124.98224489795915	SOFT
126.18383219954644	126.29356009070291	SOFT
128.509977324263	128.6557823129251	SOFT
132.11734693877546	132.50482993197272	DISTRESS
135.46040816326524	135.5802494331065	SOFT
140.36680272108836	140.72682539682532	DISTRESS
143.48263038548745	143.80761904761897	DISTRESS
147.83179138321987	148.2067800453514	DISTRESS
148.42167800453507	148.5201814058956	SOFT
149.82997732426296	150.25496598639447	DISTRESS
150.79498866213143	151.21997732426294	DISTRESS
153.47836734693868	153.58603174603167	SOFT
158.19115646258496	158.30614512471647	SOFT
162.47346938775502	162.62950113378676	SOFT
167.31975056689333	167.79473922902486	DISTRESS
172.6814739229024	173.05646258503393	DISTRESS
174.04390022675727	174.4188888888888	DISTRESS
179.11376417233552	179.21684807256227	SOFT
183.1099999999999	183.20995464852598	SOFT
186.94784580498856	187.42283446712008	DISTRESS
189.85605442176862	190.28104308390013	DISTRESS
194.81809523809514	194.99734693877542	SOFT
199.68321995464845	199.86244897959176	SOFT
203.77809523809518	203.94718820861672	SOFT
204.84494331065753	205.019954648526	SOFT
208.0254875283446	208.3004761904761	DISTRESS
212.41841269841262	212.55052154195005	SOFT
216.91004535147385	217.19616780045345	DISTRESS
220.1460317460317	220.52102040816322	DISTRESS
224.02625850340132	224.45124716553283	DISTRESS
224.65999999999997	225.0349886621315	DISTRESS
225.7398639455782	226.16485260770972	DISTRESS
227.6578004535147	227.80575963718817	SOFT
230.57258503401357	230.99757369614508	DISTRESS
232.82820861678	233.20319727891152	DISTRESS
233.58371882086163	233.72308390022673	SOFT
238.63714285714283	238.73095238095235	SOFT
242.31088435374147	242.73587301587298	DISTRESS
243.74773242630383	244.07272108843534	DISTRESS
248.43464852607707	248.70963718820857	DISTRESS
252.1457369614512	252.22900226757366	SOFT
256.8313832199546	257.3063718820861	DISTRESS
260.69918367346935	260.835850340136	SOFT
263.17675736961445	263.55174603174595	DISTRESS
267.71458049886616	268.13956916099767	DISTRESS
269.1874829931972	269.37945578231285	SOFT
273.9919501133786	274.3794331065759	DISTRESS
278.64256235827656	278.7645124716552	SOFT
283.54274376417226	283.96773242630377	DISTRESS
284.9945804988661	285.41956916099764	DISTRESS
286.68698412698404	286.8613605442176	SOFT
287.62249433106564	287.80743764172325	SOFT
291.05034013605433	291.17979591836723	SOFT
292.61195011337855	292.7810430839001	SOFT
294.24689342403616	294.3959410430838	SOFT
297.1573469387754	297.5323356009069	DISTRESS
299.7292743764171	299.81505668934227	SOFT
300.4266666666665	300.56181405895677	SOFT
301.0656009070293	301.1939002267572	SOFT
305.110476190476	305.5354648526075	DISTRESS
310.22471655328775	310.3911564625848	SOFT
311.9506122448977	312.3756009070292	DISTRESS
313.025124716553	313.11358276643966	SOFT
317.7205668934238	317.8250113378682	SOFT
321.0978004535145	321.422789115646	DISTRESS
321.79272108843514	322.26770975056667	DISTRESS
325.89376417233535	326.31875283446686	DISTRESS
330.2504761904759	330.44074829931947	SOFT
332.9653741496596	333.1087755102038	SOFT
336.8026757369612	337.1776643990927	DISTRESS
341.0488435374147	341.2258503401358	SOFT
344.02061224489773	344.1580498866211	SOFT
348.34780045351454	348.6727891156461	DISTRESS
352.082857142857	352.25426303854863	SOFT
353.34637188208603	353.496984126984	SOFT
353.6263265306121	353.75918367346924	SOFT
353.97873015873	354.1506122448978	SOFT
355.6588888888887	355.7803174603173	SOFT
359.06995464852594	359.261700680272	SOFT
361.5999773242629	362.0249659863944	DISTRESS
362.2301360544216	362.6051247165531	DISTRESS
367.1948526077096	367.3771655328797	SOFT
368.3087074829931	368.4072108843536	SOFT
369.6665759637187	369.84029478458035	SOFT
370.7450793650792	370.9054195011336	SOFT
375.7749659863944	375.9124036281178	SOFT
378.15238095238084	378.52736961451234	DISTRESS
381.0144897959182	381.17530612244883	SOFT
382.6765986394556	383.10158730158713	DISTRESS
386.6185487528343	386.9935374149658	DISTRESS
387.7417006802719	388.1166893424034	DISTRESS
393.1002947845803	393.20895691609957	SOFT
397.33784580498843	397.61283446711997	DISTRESS
400.95301587301566	401.0582312925168	SOFT
402.92435374149636	403.3493424036279	DISTRESS
403.3626303854873	403.7876190476188	DISTRESS
407.4096825396823	407.8346712018138	DISTRESS
409.4610430839	409.6397278911562	SOFT
412.3884126984124	412.50526077097476	SOFT
415.34913832199516	415.72412698412666	DISTRESS
415.995102040816	416.1357369614509	SOFT
419.2571882086164	419.6821768707479	DISTRESS
420.422131519274	420.7971201814055	DISTRESS
422.27074829931934	422.36927437641685	SOFT
426.72492063492024	426.94702947845764	SOFT
429.14766439909255	429.2441269841266	SOFT
430.9935374149656	431.1467800453511	SOFT
432.72970521541913	432.8302494331062	SOFT
434.5560544217683	434.91607709750525	DISTRESS
438.6366213151923	438.8162811791379	SOFT
443.10566893423993	443.1829251700676	SOFT
447.9302947845801	448.29278911564586	DISTRESS
450.94049886621275	451.0570748299316	SOFT
452.80625850340095	452.94142857142816	SOFT
455.5832426303851	455.74138321995423	SOFT
460.09929705215376	460.2523356009066	SOFT
464.49784580498823	464.6399092970517	SOFT
469.3856689342399	469.71065759637145	DISTRESS
472.2241723356005	472.3781179138318	SOFT
475.7376417233556	476.2126303854871	DISTRESS
476.34814058956874	476.72312925170024	DISTRESS
478.1028117913828	478.4778004535143	DISTRESS
482.67614512471613	483.0011337868477	DISTRESS
483.7742630385483	484.24925170067985	DISTRESS
484.3830839002263	484.7580725623578	DISTRESS
485.29013605442134	485.3919954648522	SOFT
488.1168707482989	488.4918594104304	DISTRESS
491.047959183673	491.4229478458045	DISTRESS
493.722675736961	493.8871428571424	SOFT
496.79088435374103	497.21587301587255	DISTRESS
502.08371882086124	502.20158730158687	SOFT
506.7915646258499	507.11655328798145	DISTRESS
511.3461224489792	511.67111111111075	DISTRESS
512.5043764172332	512.9793650793647	DISTRESS
513.6317460317457	514.0067346938772	DISTRESS
514.9928798185938	515.0893424036278	SOFT
519.3194104308387	519.7443990929703	DISTRESS
520.255170068027	520.3306349206348	SOFT
524.1746938775509	524.4996825396825	DISTRESS
529.4896825396825	529.914671201814	DISTRESS
531.0845578231292	531.4095464852608	DISTRESS
535.2437641723355	535.5687528344671	DISTRESS
540.1218820861677	540.3968707482992	DISTRESS
543.321088435374	543.7460770975056	DISTRESS
545.784013605442	545.9126530612243	SOFT
546.25693877551	546.6319274376415	DISTRESS
551.4991383219952	551.6087528344669	SOFT
556.2097732426303	556.3603628117912	SOFT
559.7232199546484	559.8555782312924	SOFT
560.7115646258502	560.8650566893423	SOFT
561.941700680272	562.0949206349205	SOFT
564.2556462585032	564.6306349206347	DISTRESS
568.1719954648524	568.33283446712	SOFT
571.1873015873015	571.562290249433	DISTRESS
574.9225396825395	575.0484807256234	SOFT
578.8370748299318	579.2120634920633	DISTRESS
581.7493877551018	581.9105442176868	SOFT
585.1060544217685	585.4810430839	DISTRESS
587.5158049886619	587.6770975056687	SOFT
592.2452834467118	592.6702721088434	DISTRESS
594.0757142857142	594.4007029478457	DISTRESS
598.1753061224489	598.6002947845805	DISTRESS
602.4397959183673	602.7647845804988	DISTRESS
604.3958049886621	604.548843537415	SOFT
605.7375510204082	606.2125396825397	DISTRESS
606.7130385487529	607.1380272108845	DISTRESS
611.1500453514741	611.2840362811793	SOFT
616.0630158730161	616.2004081632655	SOFT
618.3676190476192	618.4752834467122	SOFT
619.5961451247167	619.9711337868482	DISTRESS
622.8615419501135	623.0067800453517	SOFT
624.2464852607711	624.3316326530613	SOFT
626.5611791383221	626.8361678004536	DISTRESS
627.5738548752836	627.9988435374152	DISTRESS
630.0863492063494	630.276575963719	SOFT
634.0864399092973	634.1814285714288	SOFT
635.3547392290252	635.7797278911568	DISTRESS
637.5775056689346	638.0024943310661	DISTRESS
640.5788208616784	640.9163038548757	DISTRESS
642.9168480725627	643.0565986394562	SOFT
646.3060770975061	646.6810657596376	DISTRESS
649.1519501133791	649.2756462585039	SOFT
653.6848979591841	654.0598866213156	DISTRESS
658.6374149659869	658.7907256235833	SOFT
662.5767800453519	662.9517687074834	DISTRESS
667.2524263038554	667.3123356009075	SOFT
668.1315419501138	668.2546031746036	SOFT
673.1212698412703	673.281451247166	SOFT
675.7225396825402	675.8731292517011	SOFT
677.7762811791388	678.2012698412703	DISTRESS
679.159115646259	679.519138321996	DISTRESS
680.0361678004541	680.1889795918373	SOFT
681.9143990929712	682.2393877551027	DISTRESS
686.6204988662138	686.8160090702954	SOFT
690.9377324263045	691.063333333334	SOFT
694.3695238095245	694.5223356009077	SOFT
694.9513378684813	695.3263265306128	DISTRESS
697.7932426303861	698.1682312925176	DISTRESS
701.8824036281185	702.0288208616786	SOFT
704.0426530612251	704.4676417233567	DISTRESS
706.9822448979598	707.0816099773249	SOFT
710.531541950114	710.6896825396832	SOFT
711.1193197278918	711.3943083900233	DISTRESS
711.8643083900233	711.9742630385495	SOFT
712.7968253968261	713.2218140589576	DISTRESS
716.4842176870756	716.859206349207	DISTRESS
719.9967800453521	720.3717687074836	DISTRESS
722.4363265306129	722.5635600907036	SOFT
724.4120634920641	724.8370521541957	DISTRESS
725.0341950113385	725.4591836734701	DISTRESS
728.8020181405902	728.9285260770981	SOFT
732.9644217687081	733.3394104308396	DISTRESS
736.3760997732433	736.7510884353748	DISTRESS
741.1464625850347	741.4714512471662	DISTRESS
745.7738548752841	746.0488435374156	DISTRESS
746.3165079365085	746.69149659864	DISTRESS
749.0120181405902	749.1379818594111	SOFT
749.7402721088441	749.9696371882092	SOFT
751.9827437641729	752.115102040817	SOFT
754.2566893424042	754.6816780045358	DISTRESS
758.3866893424042	758.4977551020414	SOFT
761.1125396825403	761.4375283446718	DISTRESS
764.1037414965992	764.2159863945584	SOFT
766.269727891157	766.6947165532886	DISTRESS
770.5401133786854	770.965102040817	DISTRESS
771.1628344671209	771.5378231292524	DISTRESS
771.8968027210891	772.0036961451253	SOFT
772.9270068027217	773.314489795919	DISTRESS
778.038639455783	778.1950566893431	SOFT
779.9053061224497	780.2802947845812	DISTRESS
782.5627210884361	782.7056689342411	SOFT
787.2612925170075	787.636281179139	DISTRESS
791.8966439909304	792.371632653062	DISTRESS
794.9801133786856	795.3051020408171	DISTRESS
796.5112471655336	796.8362358276652	DISTRESS
796.8669841269849	796.9307936507944	SOFT
799.9027210884361	800.2777097505676	DISTRESS
801.7541723356017	801.9391156462592	SOFT
806.7205668934247	806.8506122448986	SOFT
809.4439229024949	809.8189115646264	DISTRESS
810.4829478458056	810.9079365079372	DISTRESS
811.7069614512478	812.1319501133794	DISTRESS
813.111020408164	813.4860090702955	DISTRESS
813.9858730158737	814.3608616780052	DISTRESS
818.2067800453522	818.3782993197286	SOFT
818.8068480725631	819.2818367346946	DISTRESS
820.2081859410438	820.4831746031753	DISTRESS
822.7889342403635	823.113922902495	DISTRESS
826.8777777777784	827.0548752834474	SOFT
829.8807482993204	829.9896598639463	SOFT
833.1400907029486	833.5650793650801	DISTRESS
834.2424036281187	834.6173922902502	DISTRESS
835.8197505668942	836.2447392290258	DISTRESS
836.3213378684816	836.464013605443	SOFT
839.0583219954657	839.2643990929713	SOFT
842.4487981859418	842.8237868480733	DISTRESS
846.5089342403635	846.833922902495	DISTRESS
847.1852154195018	847.5602040816333	DISTRESS
852.5382766439916	852.6964399092977	SOFT
855.4641950113386	855.8891836734701	DISTRESS
856.4425623582774	856.867551020409	DISTRESS
857.3617913832207	857.7867800453523	DISTRESS
858.515759637189	858.9407482993206	DISTRESS
863.8740816326539	864.1490702947854	DISTRESS
865.024013605443	865.4990022675745	DISTRESS
867.6186394557831	867.7261904761913	SOFT
868.2017233560099	868.3839682539691	SOFT
870.234625850341	870.6596145124726	DISTRESS
875.4996371882095	875.6136054421777	SOFT
875.9943083900235	876.0635827664407	SOFT
877.1704308390031	877.5454195011346	DISTRESS
882.1489795918375	882.3030839002275	SOFT
883.1526984126992	883.5776870748308	DISTRESS
887.4457596371891	887.4910430839011	SOFT
889.0488435374158	889.1627437641731	SOFT
893.2804308390031	893.623990929706	DISTRESS
896.5790702947853	896.6963945578239	SOFT
898.9121315192751	899.3371201814067	DISTRESS
902.2467800453522	902.7217687074838	DISTRESS
904.5855555555563	905.0105442176879	DISTRESS
905.2266439909305	905.3626303854883	SOFT
907.4156916099781	907.7906802721096	DISTRESS
911.1350340136062	911.4600226757377	DISTRESS
914.6412018140597	914.8520861678012	SOFT
919.3653968253975	919.503945578232	SOFT
923.4982766439916	923.6215646258511	SOFT
926.0514285714293	926.4264172335608	DISTRESS
928.6626984126991	928.814535147393	SOFT
933.1818140589577	933.3017460317468	SOFT
935.363356009071	935.6883446712026	DISTRESS
938.5193650793658	938.7016553287989	SOFT
939.5389115646266	939.681587301588	SOFT
941.9622902494339	942.0879818594112	SOFT
943.9647392290258	944.1470294784589	SOFT
946.8626757369623	946.9779138322003	SOFT
950.0538548752842	950.1464852607717	SOFT
951.7747165532887	952.1997052154203	DISTRESS
955.616938775511	955.9919274376425	DISTRESS
959.7523809523817	960.1773696145133	DISTRESS
964.1273922902502	964.2161451247173	SOFT
967.1178231292524	967.2202040816334	SOFT
968.9217687074837	969.2467573696152	DISTRESS
969.3938321995472	969.5125623582774	SOFT
971.6499092970529	971.9243764172343	DISTRESS
973.7108390022682	973.8058276643998	SOFT
976.438639455783	976.5358503401368	SOFT
978.5234467120189	978.8484353741504	DISTRESS
982.7578231292524	983.082811791384	DISTRESS
987.2186394557831	987.5936281179146	DISTRESS
992.1002494331074	992.2485034013613	SOFT
996.5924716553295	996.7413605442184	SOFT
997.739795918368	997.927414965987	SOFT
998.4436054421775	998.59097505669	SOFT
1001.6871201814066	1001.9621088435381	DISTRESS
1004.4830612244905	1004.908049886622	DISTRESS
1008.4109070294792	1008.5102721088442	SOFT
1009.3030385487535	1009.4643310657603	SOFT
1011.8078004535155	1012.1994557823136	DISTRESS
1013.3049659863952	1013.4199773242638	SOFT
1016.1565986394565	1016.2773242630393	SOFT
1020.0677324263046	1020.4552154195019	DISTRESS
1023.4485487528352	1023.6005215419509	SOFT
1025.0041043083909	1025.207551020409	SOFT
1026.989365079366	1027.4143537414975	DISTRESS
1027.809342403629	1028.2343310657604	DISTRESS
1029.6719047619056	1029.9468934240372	DISTRESS
1032.1231065759646	1032.2842630385496	SOFT
1032.942199546486	1033.0442176870756	SOFT
1036.3414739229033	1036.7164625850348	DISTRESS
1041.0714285714294	1041.303378684808	SOFT
1044.2852154195018	1044.5602040816334	DISTRESS
1047.9761451247173	1048.109818594105	SOFT
1053.0698866213158	1053.205034013606	SOFT
1056.5324263038556	1056.6526530612252	SOFT
1057.9350340136061	1058.2600226757377	DISTRESS
1062.934535147393	1063.0696825396833	SOFT
1066.5952834467128	1066.9702721088443	DISTRESS
1067.2242857142865	1067.599274376418	DISTRESS
1068.2836961451255	1068.708684807257	DISTRESS
1072.681133786849	1072.8251247165542	SOFT
1073.2659863945587	1073.3682993197287	SOFT
1075.7674603174612	1075.893446712019	SOFT
1078.0529931972799	1078.183492063493	SOFT
1080.2437414965996	1080.3807936507947	SOFT
1085.22172335601	1085.306439909298	SOFT
1090.0630385487539	1090.4380272108854	DISTRESS
1094.9570294784592	1095.0739455782325	SOFT
1099.3498639455795	1099.724852607711	DISTRESS
1102.4956916099786	1102.8706802721101	DISTRESS
1106.750249433108	1106.901451247167	SOFT
1110.8171428571443	1111.1921315192758	DISTRESS
1115.3595238095252	1115.7345124716567	DISTRESS
1119.2305668934255	1119.555555555557	DISTRESS
1123.0764399092984	1123.189024943312	SOFT
1128.1510430839016	1128.576031746033	DISTRESS
1133.2277777777792	1133.3601360544233	SOFT
1133.8363038548769	1134.185034013607	DISTRESS
1136.5527664399108	1136.9277551020423	DISTRESS
1140.4018594104323	1140.5921088435389	SOFT
1143.2434920634935	1143.3647845805003	SOFT
1146.2531746031761	1146.5281632653077	DISTRESS
1146.9676643990945	1147.392653061226	DISTRESS
1149.9799773242644	1150.0879818594117	SOFT
1154.0211791383233	1154.2034693877565	SOFT
1156.81142857143	1157.1864172335615	DISTRESS
1159.7098639455796	1160.134852607711	DISTRESS
1162.6846712018155	1163.059659863947	DISTRESS
1167.9310430839016	1168.356031746033	DISTRESS
1170.8735374149674	1171.0611564625865	SOFT
1175.5845804988676	1175.743151927439	SOFT
1176.309569160999	1176.498979591838	SOFT
1178.5780272108855	1179.003015873017	DISTRESS
1183.575374149661	1183.7040589569172	SOFT
1186.16530612245	1186.3396825396835	SOFT
1189.4510657596381	1189.9260544217695	DISTRESS
1194.6483219954657	1194.779841269842	SOFT
1198.3112698412706	1198.686258503402	DISTRESS
1203.5293197278918	1203.8543083900233	DISTRESS
1205.0792970521547	1205.2058276643997	SOFT
1206.773854875284	1207.1988435374155	DISTRESS
1211.4901587301592	1211.8151473922908	DISTRESS
1212.4534240362816	1212.7784126984131	DISTRESS
1214.097981859411	1214.2583219954654	SOFT
1214.6508390022682	1215.0258276643997	DISTRESS
1216.1726077097512	1216.5475963718827	DISTRESS
1219.8412244897966	1220.316213151928	DISTRESS
1223.9399546485265	1224.057891156463	SOFT
1228.2907482993203	1228.3825396825403	SOFT
1231.5216553287987	1231.6854648526082	SOFT
1233.0570294784586	1233.221519274377	SOFT
1235.0218140589575	1235.346802721089	DISTRESS
1238.963219954649	1239.075487528345	SOFT
1241.848390022676	1241.9435600907034	SOFT
1244.819682539683	1244.9729251700685	SOFT
1246.8622448979597	1247.2872335600912	DISTRESS
1250.8564625850345	1251.231451247166	DISTRESS
1255.8171882086172	1255.9437188208622	SOFT
1257.1460317460321	1257.5210204081636	DISTRESS
1258.3146031746035	1258.739591836735	DISTRESS
1261.2224263038552	1261.6474149659866	DISTRESS
1261.6617687074831	1261.7978458049888	SOFT
1264.6780498866215	1265.103038548753	DISTRESS
1266.4543764172336	1266.829365079365	DISTRESS
1268.2990702947845	1268.624058956916	DISTRESS
1269.678163265306	1270.0531519274375	DISTRESS
1274.9985487528343	1275.0585260770972	SOFT
1277.042811791383	1277.3678004535145	DISTRESS
1282.338775510204	1282.4365986394557	SOFT
1285.1765986394557	1285.6015873015872	DISTRESS
1289.5261678004533	1289.9511564625848	DISTRESS
1292.863968253968	1293.0383446712017	SOFT
1295.7119274376416	1295.8578684807255	SOFT
1298.9024716553288	1298.9774829931973	SOFT
1301.2961678004535	1301.721156462585	DISTRESS
1305.4767120181405	1305.901700680272	DISTRESS
1309.8252380952379	1309.9466439909295	SOFT
1310.4374829931971	1310.8624716553286	DISTRESS
1311.245759637188	1311.7207482993194	DISTRESS
1314.4947619047616	1314.6664172335597	SOFT
1317.7176870748297	1317.8597278911561	SOFT
1321.0354875283444	1321.1436281179135	SOFT
1323.1144217687072	1323.2863265306119	SOFT
1325.4776190476186	1325.6679138321992	SOFT
1329.6823356009068	1329.835102040816	SOFT
1334.8183446712017	1334.9264852607707	SOFT
1336.9946712018138	1337.3696598639453	DISTRESS
1338.4509070294782	1338.6629251700679	SOFT
1340.2762358276643	1340.3953514739228	SOFT
1343.0459183673468	1343.4209070294783	DISTRESS
1347.9736734693874	1348.1080952380948	SOFT
1350.5667573696142	1350.6869614512468	SOFT
1354.8526757369611	1355.2276643990926	DISTRESS
1357.382879818594	1357.7078684807254	DISTRESS
1361.106984126984	1361.4819727891154	DISTRESS
1363.4950340136052	1363.7107936507934	SOFT
1367.395124716553	1367.8201133786845	DISTRESS
1368.3595464852604	1368.7345351473919	DISTRESS
1369.832743764172	1369.9432199546482	SOFT
1370.4770975056686	1370.593922902494	SOFT
1371.2381859410427	1371.4152154195008	SOFT
1372.2212925170065	1372.546281179138	DISTRESS
1377.0748072562355	1377.4560544217684	DISTRESS
1380.7772562358273	1381.2022448979587	DISTRESS
1382.372743764172	1382.5175056689338	SOFT
1386.5906122448976	1387.015600907029	DISTRESS
1390.0618140589565	1390.436802721088	DISTRESS
1392.5440589569157	1392.7052380952377	SOFT
1393.7521088435371	1394.1770975056686	DISTRESS
1396.8416553287977	1397.1666439909293	DISTRESS
1399.5805668934236	1399.7099773242626	SOFT
1401.3685034013602	1401.7434920634917	DISTRESS
1403.6590249433102	1403.7894104308386	SOFT
1406.194603174603	1406.3385941043082	SOFT
1406.8847619047617	1407.2097505668933	DISTRESS
1409.6971882086166	1410.172176870748	DISTRESS
1412.536213151927	1412.8612018140586	DISTRESS
1416.979795918367	1417.1737868480723	SOFT
1422.1259410430837	1422.4509297052152	DISTRESS
1424.909841269841	1425.0165079365077	SOFT
1426.7666213151924	1427.041609977324	DISTRESS
1428.92514739229	1429.2501360544215	DISTRESS
1430.7147845804986	1431.0897732426301	DISTRESS
1432.2276870748296	1432.6026757369611	DISTRESS
1434.922199546485	1435.2971882086165	DISTRESS
1436.6605442176867	1436.7660090702943	SOFT
1440.8509977324259	1440.9148299319725	SOFT
1442.700476190476	1442.8788208616777	SOFT
1445.436870748299	1445.8118594104305	DISTRESS
1449.2614512471653	1449.6864399092967	DISTRESS
1452.3366666666664	1452.7616553287978	DISTRESS
1454.0765986394554	1454.5015873015868	DISTRESS
1457.6184807256232	1458.0434693877546	DISTRESS
1462.4401133786844	1462.580861678004	SOFT
1465.3119274376413	1465.455124716553	SOFT
1467.3513605442174	1467.7763492063489	DISTRESS
1470.8381859410426	1471.2131746031741	DISTRESS
1472.27029478458	1472.400861678004	SOFT
1472.7878684807251	1472.8763038548748	SOFT
1475.0687074829927	1475.1717913832194	SOFT
1475.3551473922898	1475.7301360544213	DISTRESS
1476.6475056689337	1476.811995464852	SOFT
1478.0889342403623	1478.3011564625845	SOFT
1482.0152607709745	1482.138548752834	SOFT
1484.7336507936502	1484.8710884353736	SOFT
1489.031405895691	1489.4563945578225	DISTRESS
1489.5927210884347	1490.0177097505662	DISTRESS
1490.3085034013598	1490.455328798185	SOFT
1492.4736734693868	1492.590521541949	SOFT
1495.405192743763	1495.8301814058946	DISTRESS
1498.3786167800442	1498.7036054421758	DISTRESS
1499.8744444444433	1500.0111564625838	SOFT
1502.6243310657585	1502.7531065759626	SOFT
1506.384126984126	1506.7966213151917	DISTRESS
1511.431133786847	1511.8561224489786	DISTRESS
1513.6833333333323	1513.785192743763	SOFT
1518.1089115646246	1518.483900226756	DISTRESS
1523.3802494331053	1523.4577097505655	SOFT
1525.0577324263024	1525.2109750566879	SOFT
1526.6674829931958	1526.8163718820847	SOFT
1528.6028344671188	1528.9278231292503	DISTRESS
1532.9858049886607	1533.4107936507921	DISTRESS
1534.0071201814044	1534.1332653061208	SOFT
1536.441904761903	1536.8668934240345	DISTRESS
1537.3463265306104	1537.721315192742	DISTRESS
1538.6014739229006	1538.8764625850322	DISTRESS
1539.1038095238077	1539.4287981859393	DISTRESS
1543.5997052154178	1543.71551020408	SOFT
1545.8963038548736	1545.9852154194996	SOFT
1550.9317687074815	1551.306757369613	DISTRESS
1554.8965532879804	1555.0801814058943	SOFT
1557.9895464852593	1558.4145351473908	DISTRESS
1559.703786848071	1560.0287755102026	DISTRESS
1560.1822675736946	1560.3130612244884	SOFT
1562.8811111111097	1562.9810430838988	SOFT
1564.6807482993183	1564.7678004535132	SOFT
1567.8558956916086	1568.18088435374	DISTRESS
1572.1131065759623	1572.2392517006788	SOFT
1572.4380272108829	1572.5898412698398	SOFT
1576.0159410430824	1576.4409297052139	DISTRESS
1578.1324489795902	1578.492471655327	DISTRESS
1580.986598639454	1581.4115873015855	DISTRESS
1583.7599773242612	1583.920793650792	SOFT
1585.9497732426287	1586.066621315191	SOFT
1586.8158049886604	1586.8729024943293	SOFT
1587.2153968253951	1587.3633560090686	SOFT
1588.5548526077082	1588.6872108843522	SOFT
1592.8353287981845	1593.1624263038534	DISTRESS
1594.0618594104294	1594.2210884353726	SOFT
1596.1046938775494	1596.5296825396808	DISTRESS
1597.3098185941026	1597.4827437641707	SOFT
1599.4252154194994	1599.647142857141	SOFT
1601.704784580497	1601.9797732426287	DISTRESS
1606.2266666666649	1606.5516553287964	DISTRESS
1611.4627664399075	1611.887755102039	DISTRESS
1616.024285714284	1616.1525850340117	SOFT
1618.4139682539665	1618.838956916098	DISTRESS
1619.8228344671184	1620.1978231292499	DISTRESS
1624.49886621315	1624.9238548752814	DISTRESS
1629.0082086167781	1629.0958956916081	SOFT
1630.2979591836715	1630.722947845803	DISTRESS
1634.1986848072543	1634.3336507936488	SOFT
1636.674149659862	1636.9491383219936	DISTRESS
1637.5910204081613	1637.7277097505648	SOFT
1641.2862585033993	1641.6612471655308	DISTRESS
1642.1253514739208	1642.5503401360522	DISTRESS
1645.0989342403607	1645.2300453514717	SOFT
1648.0476417233538	1648.3726303854853	DISTRESS
1649.3062358276622	1649.6312244897938	DISTRESS
1652.0603628117892	1652.1680272108822	SOFT
1654.8296825396803	1654.955691609975	SOFT
1656.8154421768684	1657.1904308389999	DISTRESS
1661.2284580498842	1661.3504761904737	SOFT
1661.6557369614488	1662.0307256235803	DISTRESS
1663.6306122448955	1664.005600907027	DISTRESS
1665.3192970521518	1665.6942857142833	DISTRESS
1667.4117913832176	1667.7367800453492	DISTRESS
1670.829183673467	1671.3041723355984	DISTRESS
1674.6076870748275	1674.932675736959	DISTRESS
1679.6194557823105	1679.7314058956892	SOFT
1680.532063492061	1681.0070521541925	DISTRESS
1684.6903854875259	1684.759795918365	SOFT
1686.9823582766417	1687.1752380952357	SOFT
1689.6846258503379	1689.8870521541928	SOFT
1690.1303854875262	1690.4553741496577	DISTRESS
1694.585124716551	1695.0101133786825	DISTRESS
1699.4759410430815	1699.850929705213	DISTRESS
1703.7388208616755	1704.113809523807	DISTRESS
1706.1022902494306	1706.244331065757	SOFT
1709.8764852607683	1710.2514739228998	DISTRESS
1713.9164852607682	1714.0364399092944	SOFT
1718.9275056689316	1719.3024943310631	DISTRESS
1720.5170975056662	1720.6281632653033	SOFT
1725.1999773242603	1725.6249659863918	DISTRESS
1728.8281632653034	1729.103151927435	DISTRESS
1729.1599319727864	1729.2676190476163	SOFT
1730.9751700680245	1731.350158730156	DISTRESS
1732.8228117913804	1733.147800453512	DISTRESS
1737.8711337868453	1738.0349206349179	SOFT
1741.5586394557795	1741.674875283444	SOFT
1743.9816780045323	1744.16662131519	SOFT
1745.0429251700652	1745.1525396825368	SOFT
1745.9535374149632	1746.3285260770947	DISTRESS
1749.9420181405867	1750.417006802718	DISTRESS
1751.3813605442147	1751.5207256235797	SOFT
1754.0110430838972	1754.2108390022645	SOFT
1755.4536054421737	1755.5589795918336	SOFT
1756.9549659863915	1757.0910430838971	SOFT
1758.5902040816295	1759.015192743761	DISTRESS
1759.2450113378652	1759.3573015872983	SOFT
1759.8424943310624	1760.217482993194	DISTRESS
1764.398594104305	1764.8235827664364	DISTRESS
1768.9817687074794	1769.356757369611	DISTRESS
1771.8517913832163	1772.0112698412663	SOFT
1776.5464399092934	1776.921428571425	DISTRESS
1781.5671655328763	1781.8921541950078	DISTRESS
1786.7674149659829	1786.8865306122414	SOFT
1791.5068027210848	1791.6534240362776	SOFT
1792.9470748299284	1793.32206349206	DISTRESS
1797.19489795918	1797.326031746028	SOFT
1799.3680272108807	1799.5009977324225	SOFT
1801.4052154194974	1801.680204081629	DISTRESS
1803.3693877550984	1803.74437641723	DISTRESS
1805.8045124716516	1806.229501133783	DISTRESS
1810.4321315192706	1810.5373696145086	SOFT
1813.7902721088396	1813.9223809523771	SOFT
1815.2027437641684	1815.3993650793611	SOFT
1818.5368253968215	1818.6157369614473	SOFT
1820.7160997732387	1821.0910884353702	DISTRESS
1821.1733333333293	1821.5983219954608	DISTRESS
1821.9244217687035	1822.299410430835	DISTRESS
1827.2363718820823	1827.6613605442137	DISTRESS
1829.9407029478418	1830.0813151927398	SOFT
1834.6903174603135	1835.065306122445	DISTRESS
1837.4097505668894	1837.784739229021	DISTRESS
1838.6200907029438	1839.0950793650752	DISTRESS
1841.641111111107	1841.6797505668892	SOFT
1844.9155328798145	1845.240521541946	DISTRESS
1848.9684807256194	1849.1090249433064	SOFT
1851.0535147392247	1851.2190249433063	SOFT
1855.8612244897915	1856.186213151923	DISTRESS
1859.7407936507893	1859.8882539682497	SOFT
1863.081587301583	1863.5065759637146	DISTRESS
1867.9629705215377	1868.3379591836692	DISTRESS
1868.5090929705173	1868.8840816326488	DISTRESS
1870.4252380952337	1870.572607709746	SOFT
1871.297460317456	1871.6224489795875	DISTRESS
1875.2419274376373	1875.5669160997688	DISTRESS
1875.9230385487485	1876.0967573696103	SOFT
1881.042721088431	1881.4177097505626	DISTRESS
1882.4185487528302	1882.5577097505627	SOFT
1883.7347165532838	1884.1097052154153	DISTRESS
1884.920385487524	1885.3453741496555	DISTRESS
1888.120997732422	1888.2378231292473	SOFT
1889.361428571424	1889.51444444444	SOFT
1890.1792290249389	1890.286734693873	SOFT
1893.0509523809478	1893.3259410430794	DISTRESS
1897.2163945578186	1897.69138321995	DISTRESS
1901.7137188208571	1901.8419274376372	SOFT
1904.4763718820816	1904.6903174603128	SOFT
1907.9493197278866	1908.0399319727846	SOFT
1912.7241950113334	1912.8431972789072	SOFT
1916.1542857142813	1916.5292743764128	DISTRESS
1917.5927437641678	1917.9177324262994	DISTRESS
1921.9900226757325	1922.0863038548707	SOFT
1923.7959637188162	1923.8727437641676	SOFT
1924.3055555555509	1924.438412698408	SOFT
1928.6829931972743	1928.838435374145	SOFT
1932.4051247165487	1932.7301133786802	DISTRESS
1937.7007256235781	1937.8420861677957	SOFT
1941.1616553287936	1941.3360317460272	SOFT
1944.3663718820817	1944.7413605442132	DISTRESS
1945.5988662131474	1945.7271655328752	SOFT
1949.324399092966	1949.6993877550974	DISTRESS
1952.5630158730112	1952.668412698408	SOFT
1956.0594557823083	1956.2059863945533	SOFT
1956.5181859410386	1956.6732879818549	SOFT
1958.2710657596326	1958.393832199542	SOFT
1960.8239229024898	1961.2489115646213	DISTRESS
1962.079637188204	1962.1941269841225	SOFT
1964.817868480721	1964.9152834467075	SOFT
1968.6107709750522	1968.7230385487483	SOFT
1972.1978231292471	1972.4728117913787	DISTRESS
1973.7348299319683	1973.812086167796	SOFT
1975.7575056689298	1975.9133786848029	SOFT
1977.9050340136012	1977.9872562358235	SOFT
1979.9346712018098	1980.0611791383178	SOFT
1981.8879591836692	1982.2129478458007	DISTRESS
1986.5415873015831	1986.6908616780004	SOFT
1990.04929705215	1990.2038775510161	SOFT
1993.8870748299278	1994.2620634920593	DISTRESS
1995.7002267573655	1995.7909977324223	SOFT
1996.9301360544177	1997.101655328794	SOFT
1998.1159410430798	1998.2419274376377	SOFT
1998.526439909293	1998.8514285714245	DISTRESS
1999.0675510204042	1999.2209297052113	SOFT
2003.0661678004494	2003.391156462581	DISTRESS
2004.6497505668895	2005.074739229021	DISTRESS
2007.2265759637148	2007.3720634920594	SOFT
2007.399954648522	2007.7249433106535	DISTRESS
2011.940544217683	2012.0619501133747	SOFT
2015.2561678004495	2015.631156462581	DISTRESS
2016.214603174599	2016.6895918367304	DISTRESS
2016.8267573696103	2017.1017460317419	DISTRESS
2019.616394557819	2019.9413832199505	DISTRESS
2020.1402721088393	2020.5652607709708	DISTRESS
2022.9575736961408	2023.4325623582722	DISTRESS
2023.8592743764127	2024.0033333333288	SOFT
2027.1082312925125	2027.2852607709706	SOFT
2027.400975056685	2027.5178004535103	SOFT
2031.2670975056644	2031.642086167796	DISTRESS
2034.8528344671156	2034.9810430838957	SOFT
2039.4592063492018	2039.8404535147347	DISTRESS
2040.6069614512426	2040.7524716553241	SOFT
2043.1239682539635	2043.2449433106528	SOFT
2046.9094331065712	2047.3344217687027	DISTRESS
2047.5857823129204	2047.7502494331018	SOFT
2048.6341043083853	2049.009092970517	DISTRESS
2050.629138321991	2051.0041269841226	DISTRESS
2051.6371428571383	2051.830816326526	SOFT
2052.3404081632607	2052.765396825392	DISTRESS
2055.098435374145	2055.200793650789	SOFT
2057.360566893419	2057.4728117913783	SOFT
2059.6706575963667	2059.87884353741	SOFT
2063.736349206344	2063.8448979591785	SOFT
2068.6744671201764	2069.099455782308	DISTRESS
2073.836349206344	2074.2113378684758	DISTRESS
2074.384671201809	2074.583015873011	SOFT
2077.8868707482943	2078.261859410426	DISTRESS
2079.281836734689	2079.5568253968204	DISTRESS
2080.5186848072512	2080.6578458049835	SOFT
2083.515986394553	2083.9409750566842	DISTRESS
2087.431065759632	2087.5642857142807	SOFT
2090.3019047618996	2090.4218594104254	SOFT
2091.200997732421	2091.358208616775	SOFT
2095.9077777777725	2096.232766439904	DISTRESS
2096.5220408163214	2096.679229024938	SOFT
2100.840770975052	2100.9620634920584	SOFT
2102.5313832199495	2102.6968253968203	SOFT
2104.8779365079313	2104.98757369614	SOFT
2108.729795918362	2108.917392290244	SOFT
2110.180385487523	2110.6053741496544	DISTRESS
2110.8347165532823	2110.96070294784	SOFT
2112.843809523804	2112.961904761899	SOFT
2115.7774376417174	2116.0524263038487	DISTRESS
2117.058707482987	2117.4336961451186	DISTRESS
2119.2695918367285	2119.3853968253907	SOFT
2119.70249433106	2120.0774829931916	DISTRESS
2122.687664399087	2122.7856009070238	SOFT
2123.902380952375	2124.277369614507	DISTRESS
2127.2798639455727	2127.390272108838	SOFT
2129.8240136054364	2129.9534467120125	SOFT
2134.5534013605384	2134.87839002267	DISTRESS
2138.5002040816266	2138.7239002267515	SOFT
2142.2302947845747	2142.404671201808	SOFT
2145.0269387755043	2145.1619047618988	SOFT
2145.83532879818	2146.2603174603114	DISTRESS
2147.5659863945516	2147.7337868480663	SOFT
2149.2923582766375	2149.717346938769	DISTRESS
2154.089773242624	2154.4647619047555	DISTRESS
2156.276802721082	2156.6017913832134	DISTRESS
2157.938594104302	2158.3135827664337	DISTRESS
2161.351791383214	2161.7267800453455	DISTRESS
2164.328185941037	2164.6531746031687	DISTRESS
2166.2653287981802	2166.357097505663	SOFT
2169.25301587301	2169.7280045351417	DISTRESS
2169.8916326530557	2170.2166213151872	DISTRESS
2174.6453287981803	2174.970317460312	DISTRESS
2177.6482086167744	2177.946870748294	DISTRESS
2178.165102040811	2178.5900907029422	DISTRESS
2178.710612244892	2179.085600907024	DISTRESS
2181.6882539682483	2181.8822448979536	SOFT
2184.388458049881	2184.610136054416	SOFT
2185.33809523809	2185.440385487523	SOFT
2189.210453514734	2189.5354421768657	DISTRESS
2193.189274376412	2193.5142630385435	DISTRESS
2196.571519274371	2196.7818820861626	SOFT
2197.4036507936457	2197.5502040816277	SOFT
2201.7013605442125	2201.8658730158677	SOFT
2205.4225623582715	2205.697551020403	DISTRESS
2208.183287981854	2208.356213151922	SOFT
2209.7559863945526	2209.901541950108	SOFT
2214.061315192738	2214.4863038548697	DISTRESS
2217.788503401355	2218.1134920634863	DISTRESS
2221.2332426303797	2221.6482312925114	DISTRESS
2223.0579818594047	2223.4329705215364	DISTRESS
2226.8374149659808	2226.995578231287	SOFT
2230.2640362811735	2230.4417233560034	SOFT
2234.861337868475	2235.0010884353683	SOFT
2238.8161451247106	2239.091133786842	DISTRESS
2241.7236507936445	2242.198639455776	DISTRESS
2242.4248072562295	2242.538798185935	SOFT
2244.75331065759	2245.128299319722	DISTRESS
2245.937619047613	2246.312607709745	DISTRESS
2247.1158276643937	2247.540816326525	DISTRESS
2250.6771655328744	2250.834376417228	SOFT
2255.053877551015	2255.3788662131465	DISTRESS
2259.0112698412645	2259.059410430834	SOFT
2261.266485260766	2261.448730158725	SOFT
2264.202131519269	2264.2724716553234	SOFT
2268.073333333328	2268.3983219954594	DISTRESS
2270.306326530607	2270.453945578226	SOFT
2275.0672335600852	2275.442222222217	DISTRESS
2278.2443083900175	2278.3807936507883	SOFT
2283.3319954648473	2283.656984126979	DISTRESS
2286.6589115646207	2286.983900226752	DISTRESS
2289.6412698412646	2290.066258503396	DISTRESS
2290.330521541945	2290.7555102040765	DISTRESS
2291.669863945573	2291.836326530607	SOFT
2293.6016780045297	2293.9766666666615	DISTRESS
2296.13936507936	2296.276802721083	SOFT
2296.5619954648473	2297.036984126979	DISTRESS
2297.8956009070243	2298.085873015868	SOFT
2301.1501814058906	2301.575170068022	DISTRESS
2306.4744217687025	2306.537120181401	SOFT
2309.103151927433	2309.4281405895645	DISTRESS
2314.160226757365	2314.333151927433	SOFT
2317.7899999999954	2317.9481405895644	SOFT
2321.336643990925	2321.5144897959135	SOFT
2324.5634013605395	2324.988390022671	DISTRESS
2329.4087301587256	2329.7837188208573	DISTRESS
2331.7833786848028	2332.1583673469345	DISTRESS
2336.0124716553246	2336.1453061224447	SOFT
2338.451065759633	2338.8760544217644	DISTRESS
2342.2198185941	2342.305147392286	SOFT
2347.1466666666624	2347.571655328794	DISTRESS
2350.0249886621273	2350.183514739225	SOFT
2355.1638548752794	2355.588843537411	DISTRESS
2357.3907482993154	2357.765736961447	DISTRESS
2360.145986394554	2360.270068027207	SOFT
2363.254580498862	2363.3885941043045	SOFT
2365.6069387755065	2365.7246712018105	SOFT
2368.3497052154157	2368.488888888885	SOFT
2369.7579138321958	2369.877755102037	SOFT
2371.697868480722	2371.8227891156425	SOFT
2375.822925170064	2375.9933560090662	SOFT
2377.8503401360504	2378.325328798182	DISTRESS
2380.412857142853	2380.787845804985	DISTRESS
2384.4008616780006	2384.7758503401324	DISTRESS
2387.544331065756	2387.8693197278876	DISTRESS
2391.513945578228	2391.9389342403592	DISTRESS
2393.303560090699	2393.4427437641684	SOFT
2395.8239455782273	2396.198934240359	DISTRESS
2399.31027210884	2399.6852607709716	DISTRESS
2404.4249433106543	2404.749931972786	DISTRESS
2406.5000680272074	2406.875056689339	DISTRESS
2409.3352380952347	2409.7102267573664	DISTRESS
2411.270997732423	2411.7459863945546	DISTRESS
2412.761723356006	2412.934625850337	SOFT
2416.4324489795886	2416.56303854875	SOFT
2417.616825396822	2417.7600453514706	SOFT
2420.8756462585	2421.288140589566	DISTRESS
2421.9291156462555	2422.2998412698385	DISTRESS
2425.0827210884327	2425.230136054419	SOFT
2425.4996825396797	2425.675963718818	SOFT
2429.2032879818566	2429.3305895691583	SOFT
2433.452539682537	2433.7275283446684	DISTRESS
2438.5016099773216	2438.639002267571	SOFT
2441.909591836732	2442.042448979589	SOFT
2442.595600907027	2443.0205895691583	DISTRESS
2445.132675736959	2445.236757369612	SOFT
2447.2552607709727	2447.3551927437616	SOFT
2451.3156916099747	2451.6906802721064	DISTRESS
2454.4342857142833	2454.809274376415	DISTRESS
2455.950521541948	2456.143401360542	SOFT
2460.2184126984107	2460.3390249433087	SOFT
2464.6128344671183	2465.03782312925	DISTRESS
2468.6445578231273	2468.789319727889	SOFT
2473.662902494329	2473.7849206349188	SOFT
2474.9609070294764	2475.3421541950092	DISTRESS
2476.051587301585	2476.188321995463	SOFT
2478.755192743762	2478.8560317460297	SOFT
2482.3561224489777	2482.681111111109	DISTRESS
2485.1255555555535	2485.2543083900205	SOFT
2489.481519274374	2489.5808843537393	SOFT
2492.314557823127	2492.7395464852584	DISTRESS
2493.589773242628	2493.699659863943	SOFT
2494.63072562358	2494.6945578231266	SOFT
2498.2041950113353	2498.362721088433	SOFT
2499.133832199544	2499.4588208616756	DISTRESS
2502.942721088433	2503.049229024941	SOFT
2506.7025170068	2507.0275056689316	DISTRESS
2511.538458049884	2511.7641043083872	SOFT
2512.5264625850314	2512.6433106575937	SOFT
2516.927845804986	2517.2528344671177	DISTRESS
2519.291972789113	2519.611814058954	DISTRESS
2523.57841269841	2523.696507936505	SOFT
2525.018820861675	2525.1348072562328	SOFT
2529.434240362809	2529.70922902494	DISTRESS
2531.4295464852576	2531.8045351473893	DISTRESS
2535.7065532879787	2535.8273015872983	SOFT
2539.383877551017	2539.758866213149	DISTRESS
2544.190975056686	2544.315147392287	SOFT
2544.754172335598	2544.831405895689	SOFT
2547.979410430836	2548.110748299317	SOFT
2549.1027891156436	2549.5777777777753	DISTRESS
2552.5041496598615	2552.6182993197253	SOFT
2552.747482993195	2552.8653968253943	SOFT
2553.9876417233536	2554.412630385485	DISTRESS
2556.2193877550994	2556.316734693875	SOFT
2560.0933560090675	2560.191179138319	SOFT
2563.503106575961	2563.6221315192715	SOFT
2565.087074829929	2565.2363492063464	SOFT
2566.8127210884327	2566.932539682537	SOFT
2571.4229705215394	2571.5783219954624	SOFT
2574.3039229024916	2574.728911564623	DISTRESS
2575.4575736961424	2575.6895238095212	SOFT
2577.576122448977	2577.7526303854847	SOFT
2581.1663492063462	2581.4413378684776	DISTRESS
2582.481655328795	2582.6666893424003	SOFT
2587.215668934237	2587.3370975056655	SOFT
2588.5778231292484	2589.00281179138	DISTRESS
2589.5394557823097	2589.6654421768676	SOFT
2592.8479365079334	2593.262925170065	DISTRESS
2596.438820861675	2596.591859410428	SOFT
2597.2527891156433	2597.627777777775	DISTRESS
2598.75072562358	2598.9092517006775	SOFT
2601.2545578231266	2601.6295464852583	DISTRESS
2602.6094784580473	2602.984467120179	DISTRESS
2604.0632653061202	2604.438253968252	DISTRESS
2605.3402040816304	2605.615192743762	DISTRESS
2606.357437641721	2606.550317460315	SOFT
2609.408662131517	2609.8336507936483	DISTRESS
2610.0111337868457	2610.13095238095	SOFT
2611.5462358276623	2611.9712244897937	DISTRESS
2616.496235827662	2616.608480725621	SOFT
2617.1872335600883	2617.3030612244875	SOFT
2617.4911111111087	2617.8660997732404	DISTRESS
2621.9678231292496	2622.3385487528326	DISTRESS
2626.7451020408143	2627.170090702946	DISTRESS
2627.3239002267555	2627.421746031744	SOFT
2631.8531972789096	2632.178185941041	DISTRESS
2633.4092517006784	2633.4585260770955	SOFT
2634.232176870746	2634.358707482991	SOFT
2634.431859410429	2634.5903401360524	SOFT
2636.675215419499	2636.9502040816305	DISTRESS
2640.467664399091	2640.8926530612225	DISTRESS
2642.7319727891136	2642.9189342403606	SOFT
2647.5507936507915	2647.679433106574	SOFT
2647.844058956914	2647.927687074828	SOFT
2648.665873015871	2648.7933786848052	SOFT
2649.703424036279	2649.7997732426284	SOFT
2654.127256235826	2654.5022448979576	DISTRESS
2658.5265759637173	2658.6852380952364	SOFT
2663.3394784580482	2663.446145124715	SOFT
2667.800317460316	2667.948276643989	SOFT
2668.5123356009053	2668.6867120181387	SOFT
2671.3538548752817	2671.6788435374133	DISTRESS
2674.9603174603158	2675.385306122447	DISTRESS
2679.8751247165515	2680.250113378683	DISTRESS
2683.229047619046	2683.6040362811777	DISTRESS
2684.9325396825384	2685.1108616780034	SOFT
2689.4013832199535	2689.5612244897948	SOFT
2693.0889569160986	2693.2724263038535	SOFT
2697.0889569160986	2697.2196825396813	SOFT
2699.832834467119	2700.0037188208607	SOFT
2700.7297732426296	2701.154761904761	DISTRESS
2702.147052154194	2702.5720408163256	DISTRESS
2702.8992063492055	2703.0343537414956	SOFT
2703.3140136054412	2703.426598639455	SOFT
2706.705510204081	2706.8245351473915	SOFT
2707.28365079365	2707.7086394557814	DISTRESS
2708.2390022675727	2708.3672108843525	SOFT
2712.072834467119	2712.161292517005	SOFT
2714.1145804988646	2714.539569160996	DISTRESS
2717.9172335600892	2718.088027210883	SOFT
2720.999682539681	2721.3246712018126	DISTRESS
2725.2412471655316	2725.566235827663	DISTRESS
2728.4365079365066	2728.8114965986383	DISTRESS
2731.86163265306	2732.0043310657584	SOFT
2732.2623582766428	2732.5873469387743	DISTRESS
2736.6343764172325	2737.059365079364	DISTRESS
2740.6353968253957	2740.8167346938762	SOFT
2742.5855328798175	2742.910521541949	DISTRESS
2743.6475283446703	2744.0725170068017	DISTRESS
2745.262086167799	2745.428639455781	SOFT
2750.0361678004524	2750.1485714285704	SOFT
2751.6951247165525	2752.0701133786843	DISTRESS
2752.210249433106	2752.6352380952376	DISTRESS
2755.9911791383215	2756.266167800453	DISTRESS
2759.18619047619	2759.244421768707	SOFT
2761.7125170068025	2762.087505668934	DISTRESS
2764.615873015873	2764.731111111111	SOFT
2768.1691836734694	2768.2974149659863	SOFT
2771.3195691609976	2771.644557823129	DISTRESS
2775.434671201814	2775.6033560090705	SOFT
2778.1608843537415	2778.485873015873	DISTRESS
2780.857006802721	2780.9856462585035	SOFT
2783.2648752834466	2783.3555555555554	SOFT
2784.1094557823126	2784.634444444444	DISTRESS
2786.310702947845	2786.7356916099766	DISTRESS
2787.537664399092	2787.9626530612236	DISTRESS
2790.625419501133	2791.0504081632644	DISTRESS
2795.045374149659	2795.194285714285	SOFT
2799.794263038548	2799.9572335600897	SOFT
2803.3609977324254	2803.735986394557	DISTRESS
2804.6741269841264	2805.099115646258	DISTRESS
2805.6975963718814	2805.8199092970517	SOFT
2807.470340136054	2807.8953287981853	DISTRESS
2810.53544217687	2810.9604308390017	DISTRESS
2812.1762811791377	2812.6512698412694	DISTRESS
2814.6734013605437	2815.0483900226754	DISTRESS
2816.9996825396825	2817.474671201814	DISTRESS
2821.79947845805	2822.174467120182	DISTRESS
2822.338117913833	2822.434943310658	SOFT
2822.5806802721095	2822.7048526077106	SOFT
2825.762743764173	2826.137732426305	DISTRESS
2827.8356235827673	2828.210612244899	DISTRESS
2832.1739229024956	2832.5489115646274	DISTRESS
2836.894308390024	2837.0180045351485	SOFT
2841.6493197278924	2841.974308390024	DISTRESS
2842.3984580498877	2842.5183900226766	SOFT
2843.2634240362822	2843.638412698414	DISTRESS
2843.8784580498877	2843.973650793652	SOFT
2844.069387755103	2844.242290249434	SOFT
2849.101179138323	2849.4261678004546	DISTRESS
2849.694104308391	2849.75709750567	SOFT
2850.6243764172345	2851.049365079366	DISTRESS
2854.3349206349217	2854.5145804988674	SOFT
2857.3445804988673	2857.4314512471665	SOFT
2861.373990929706	2861.4529024943317	SOFT
2863.5200680272114	2863.845056689343	DISTRESS
2865.8053061224496	2866.130294784581	DISTRESS
2868.448049886622	2868.610702947846	SOFT
2868.649546485261	2868.8157142857144	SOFT
2869.748979591837	2869.891678004535	SOFT
2872.9021995464855	2873.327188208617	DISTRESS
2875.629591836735	2875.754263038549	SOFT
2879.2812698412704	2879.376258503402	SOFT
2880.8477324263044	2881.022108843538	SOFT
2883.3174603174607	2883.4614512471658	SOFT
2883.8881405895695	2884.113129251701	DISTRESS
2886.178571428572	2886.6035600907035	DISTRESS
2891.283854875284	2891.4441043083903	SOFT
2894.617346938776	2895.0423356009073	DISTRESS
2897.8834240362817	2898.0629931972794	SOFT
2901.132222222223	2901.49224489796	DISTRESS
2904.746961451248	2904.9114285714295	SOFT
2905.7179818594113	2905.840000000001	SOFT
2907.646122448981	2908.0211111111125	DISTRESS
2908.8557596371897	2908.9865532879835	SOFT
2913.1171655328812	2913.245464852609	SOFT
2917.9648072562372	2918.3897959183687	DISTRESS
2921.6251700680286	2921.7265079365093	SOFT
2922.6162358276656	2922.9912244897973	DISTRESS
2924.67657596372	2924.822086167802	SOFT
2925.6505215419515	2925.742585034015	SOFT
2928.7505668934255	2928.9381859410446	SOFT
2932.2523809523823	2932.399206349208	SOFT
2934.722063492065	2934.912448979593	SOFT
2937.8046258503414	2937.939569160999	SOFT
2939.3403628117926	2939.4663718820875	SOFT
2940.0304535147407	2940.4054421768724	DISTRESS
2945.380317460319	2945.7553061224507	DISTRESS
2948.3213605442193	2948.7463492063507	DISTRESS
2950.7326077097523	2951.107596371884	DISTRESS
2953.729931972791	2954.1549206349223	DISTRESS
2955.8352607709767	2955.9200226757384	SOFT
2960.41986394558	2960.7448526077114	DISTRESS
2964.1589569161015	2964.2755328798203	SOFT
2965.1690022675753	2965.276190476192	SOFT
2966.897800453516	2967.053582766441	SOFT
2969.453922902496	2969.7789115646274	DISTRESS
2973.4736281179153	2973.626870748301	SOFT
2976.139682539684	2976.4646712018157	DISTRESS
2978.7935600907044	2979.168548752836	DISTRESS
2980.7682312925185	2980.8588435374163	SOFT
2982.566689342405	2982.727868480727	SOFT
2986.6794104308406	2986.808049886623	SOFT
2987.9337868480743	2988.014172335603	SOFT
2989.8619047619068	2990.136893424038	DISTRESS
2994.6634013605462	2994.7813378684828	SOFT
2995.1879365079385	2995.61292517007	DISTRESS
2997.939909297054	2998.0740589569177	SOFT
2999.4450566893443	2999.5443310657615	SOFT
3004.1629478458067	3004.3241043083917	SOFT
3005.3640362811807	3005.7390249433124	DISTRESS
3006.7830839002286	3006.9436734693895	SOFT
3011.124444444446	3011.4494331065775	DISTRESS
3011.9181405895706	3012.2931292517023	DISTRESS
3013.6029705215437	3013.7209070294803	SOFT
3016.3724489795936	3016.697437641725	DISTRESS
3018.272040816328	3018.4279138322013	SOFT
3021.9095238095256	3022.10807256236	SOFT
3025.190566893426	3025.3702267573717	SOFT
3028.5939229024966	3028.9689115646283	DISTRESS
3029.489750566896	3029.8647392290277	DISTRESS
3034.645759637191	3034.9707482993226	DISTRESS
3039.0278231292546	3039.1367573696175	SOFT
3039.3149206349235	3039.6899092970552	DISTRESS
3044.0415419501164	3044.1449433106604	SOFT
3044.6493877551047	3044.822312925173	SOFT
3049.3753061224515	3049.700294784583	DISTRESS
3050.1689342403656	3050.593922902497	DISTRESS
3051.7773242630415	3051.932834467123	SOFT
3053.3827664399123	3053.5726303854904	SOFT
3054.998163265309	3055.1474376417264	SOFT
3056.996825396828	3057.4218140589596	DISTRESS
3062.023492063495	3062.4484807256263	DISTRESS
3063.107981859413	3063.259909297055	SOFT
3067.6008163265333	3067.7029251700706	SOFT
3072.429614512474	3072.8546031746055	DISTRESS
3076.859569161	3076.9960770975076	SOFT
3081.540589569163	3081.6713151927456	SOFT
3083.9766439909317	3084.1762131519295	SOFT
3086.4973242630404	3086.609886621317	SOFT
3089.6819501133805	3089.796439909299	SOFT
3090.992721088437	3091.09859410431	SOFT
3094.9098412698427	3095.0710204081647	SOFT
3095.1993424036295	3095.524331065761	DISTRESS
3099.868049886623	3100.050294784582	SOFT
3101.5241043083915	3101.8990929705233	DISTRESS
3104.2855555555575	3104.560544217689	DISTRESS
3105.4897052154215	3105.8646938775532	DISTRESS
3106.4029705215444	3106.827959183676	DISTRESS
3111.1992743764195	3111.524263038551	DISTRESS
3115.35367346939	3115.7286621315216	DISTRESS
3120.2905442176893	3120.4675510204106	SOFT
3122.223265306125	3122.6482539682565	DISTRESS
3124.361859410433	3124.736848072565	DISTRESS
3124.819931972792	3124.925147392293	SOFT
3129.0747619047647	3129.196303854878	SOFT
3133.4995238095266	3133.638684807259	SOFT
3137.3220408163293	3137.6820634920664	DISTRESS
3142.391859410434	3142.505827664402	SOFT
3146.8190476190507	3147.2940362811823	DISTRESS
3148.6182539682572	3148.731995464856	SOFT
3149.8913832199582	3149.979070294788	SOFT
3153.0495691610013	3153.150430839006	SOFT
3156.932222222226	3157.3072108843576	DISTRESS
3159.9174603174642	3160.0865532879857	SOFT
3164.3578911564664	3164.5036054421807	SOFT
3165.8531292517046	3166.278117913836	DISTRESS
3167.7983673469425	3168.223356009074	DISTRESS
3169.2912698412733	3169.666258503405	DISTRESS
3172.7417006802757	3172.8783900226795	SOFT
3176.4042630385525	3176.5311791383256	SOFT
3179.263922902498	3179.4199773242667	SOFT
3180.561723356013	3180.9367120181446	DISTRESS
3185.094535147396	3185.1650566893463	SOFT
3188.9904081632694	3189.265396825401	DISTRESS
3189.7266893424076	3190.151678004539	DISTRESS
3194.013356009074	3194.4383446712054	DISTRESS
3194.6996371882124	3194.805011337872	SOFT
3196.1482766439944	3196.523265306126	DISTRESS
3196.5307029478495	3196.905691609981	DISTRESS
3200.8584353741535	3201.233424036285	DISTRESS
3203.823038548757	3204.1980272108885	DISTRESS
3207.0914965986435	3207.416485260775	DISTRESS
3209.582902494335	3209.9578911564668	DISTRESS
3214.180634920639	3214.6056235827705	DISTRESS
3217.7525396825436	3217.8813151927475	SOFT
3222.1702721088473	3222.2826757369653	SOFT
3223.146439909301	3223.521428571433	DISTRESS
3224.7067346938816	3225.031723356013	DISTRESS
3226.3521315192784	3226.82712018141	DISTRESS
3228.9405668934282	3229.26555555556	DISTRESS
3229.427823129256	3229.5075056689384	SOFT
3232.8839682539724	3232.990657596376	SOFT
3236.004671201818	3236.0748979591876	SOFT
3240.523287981863	3240.6358049886658	SOFT
3243.2670975056726	3243.692086167804	DISTRESS
3248.2504308390057	3248.5754195011373	DISTRESS
3250.7470294784616	3250.9400000000037	SOFT
3254.8383900226795	3254.933378684811	SOFT
3256.0154648526113	3256.1102721088473	SOFT
3259.0102267573734	3259.1383900226797	SOFT
3259.1500453514777	3259.2886167800493	SOFT
3261.379365079369	3261.5084580498906	SOFT
3265.1563718820903	3265.531360544222	DISTRESS
3268.470770975061	3268.7957596371925	DISTRESS
3270.9176190476232	3271.292607709755	DISTRESS
3273.3706349206395	3273.7456235827713	DISTRESS
3277.535691609982	3277.6730839002316	SOFT
3280.658662131524	3281.0836507936556	DISTRESS
3281.886258503406	3282.0328798185988	SOFT
3284.4246938775555	3284.849682539687	DISTRESS
3287.9292290249477	3288.0657142857185	SOFT
3289.5539455782355	3289.928934240367	DISTRESS
3290.888367346943	3291.0697052154237	SOFT
3294.6267346938816	3294.951723356013	DISTRESS
3295.978934240367	3296.2539229024983	DISTRESS
3299.226961451251	3299.4331972789155	SOFT
3300.53353741497	3300.9585260771014	DISTRESS
3302.5984580498907	3302.7053061224533	SOFT
3306.441496598644	3306.63965986395	SOFT
3307.889591836739	3307.9392063492105	SOFT
3312.63070294785	3312.7680952380992	SOFT
3314.2912244898	3314.448752834471	SOFT
3316.5403628117956	3316.865351473927	DISTRESS
3318.34712018141	3318.528321995469	SOFT
3323.4256235827706	3323.524308390027	SOFT
3327.0755782312967	3327.210544217691	SOFT
3329.474625850344	3329.614104308394	SOFT
3334.0084126984166	3334.3834013605483	DISTRESS
3339.074172335605	3339.170000000004	SOFT
3341.7910657596412	3341.9640589569203	SOFT
3343.6827210884394	3343.7916553288023	SOFT
3348.767619047623	3348.923650793655	SOFT
3350.2227664399134	3350.3216099773285	SOFT
3351.319070294789	3351.694058956921	DISTRESS
3355.9824036281225	3356.457392290254	DISTRESS
3358.5156689342452	3358.7019727891206	SOFT
3359.5902040816377	3359.7018820861726	SOFT
3363.8824036281226	3364.0064852607757	SOFT
3364.6581859410476	3364.801587301592	SOFT
3367.0518367346986	3367.37682539683	DISTRESS
3369.045306122454	3369.084648526082	SOFT
3373.0163038548803	3373.1073015873067	SOFT
3374.520090702953	3374.9450793650844	DISTRESS
3375.1627437641773	3375.587732426309	DISTRESS
3377.8061224489843	3377.9535827664445	SOFT
3382.1429705215464	3382.467959183678	DISTRESS
3386.2617006802766	3386.3696145124763	SOFT
3386.463151927442	3386.7881405895737	DISTRESS
3391.237029478463	3391.6620181405942	DISTRESS
3395.0439682539727	3395.468956916104	DISTRESS
3398.9633560090747	3399.071927437646	SOFT
3401.4574603174647	3401.7527210884396	DISTRESS
3404.062902494335	3404.4878911564665	DISTRESS
3408.5078684807295	3408.9203628117953	DISTRESS
3409.7735147392327	3410.198503401364	DISTRESS
3411.262290249437	3411.6872789115682	DISTRESS
3413.8913378684842	3414.0053287981896	SOFT
3417.6152380952417	3417.9902267573734	DISTRESS
3420.192312925174	3420.284126984131	SOFT
3420.595238095242	3420.970226757374	DISTRESS
3423.621247165537	3423.757936507941	SOFT
3423.9741269841315	3424.1253287981904	SOFT
3428.549523809528	3428.661927437646	SOFT
3431.165668934245	3431.3622902494376	SOFT
3434.7734920634966	3435.1484807256284	DISTRESS
3438.9205668934287	3439.2955555555604	DISTRESS
3443.6451473922953	3443.775873015878	SOFT
3448.72936507937	3448.8901814059004	SOFT
3451.112131519279	3451.5371201814105	DISTRESS
3455.826848072567	3456.2518367346984	DISTRESS
3460.1048752834513	3460.228571428576	SOFT
3465.0804081632696	3465.254784580503	SOFT
3469.217210884358	3469.392517006807	SOFT
3473.922857142861	3474.297845804993	DISTRESS
3477.0826984127025	3477.156575963723	SOFT
3481.236349206353	3481.3712925170107	SOFT
3482.493582766444	3482.8685714285757	DISTRESS
3485.9193197278955	3486.244308390027	DISTRESS
3487.983650793655	3488.1122222222266	SOFT
3490.234988662136	3490.7099773242676	DISTRESS
3495.1517006802765	3495.225600907034	SOFT
3498.1379591836776	3498.6129478458092	DISTRESS
3500.7278458049927	3500.8702040816365	SOFT
3504.933469387759	3505.2584580498906	DISTRESS
3506.5689569161036	3506.9439455782353	DISTRESS
3508.6415646258542	3509.0665532879857	DISTRESS
3510.765215419505	3511.1402040816365	DISTRESS
3515.283990929709	3515.3614512471695	SOFT
3516.171814058961	3516.4968027210925	DISTRESS
3519.608934240367	3519.7681632653102	SOFT
3520.5527664399133	3520.6643083900267	SOFT
3525.0890249433146	3525.414013605446	DISTRESS
3527.8743764172377	3528.1993650793693	DISTRESS
3530.2692743764214	3530.396575963723	SOFT
3532.1819954648568	3532.606984126988	DISTRESS
3533.4771882086206	3533.6014058956953	SOFT
3536.541201814063	3536.734081632657	SOFT
3537.013900226761	3537.388888888893	DISTRESS
3540.4789795918405	3540.903968253972	DISTRESS
3541.7211564625886	3541.895532879822	SOFT
3544.7868253968286	3545.1618140589603	DISTRESS
3550.1393197278944	3550.2785034013637	SOFT
3553.2858276644024	3553.4104761904796	SOFT
3555.7166213151963	3556.091609977328	DISTRESS
3558.418276643995	3558.553424036285	SOFT
3559.1519954648566	3559.295374149664	SOFT
3563.7679591836777	3563.937052154199	SOFT
3566.1180045351516	3566.3000000000043	SOFT
3569.34532879819	3569.7703174603216	DISTRESS
3570.733628117918	3570.8974376417277	SOFT
3571.3722675737004	3571.468730158734	SOFT
3574.637029478462	3574.8378231292554	SOFT
3579.379047619051	3579.503968253972	SOFT
3580.618775510208	3580.893764172339	DISTRESS
3581.475079365083	3581.9000680272143	DISTRESS
3586.520158730162	3586.6839682539717	SOFT
3587.910861678008	3588.2358503401397	DISTRESS
3589.875646258507	3590.052766439913	SOFT
3590.621496598643	3591.0464852607743	DISTRESS
3592.8681859410462	3593.2931746031777	DISTRESS
3594.9396825396857	3595.214671201817	DISTRESS
3597.901791383223	3598.3767800453547	DISTRESS
3598.9822675736996	3599.407256235831	DISTRESS
3601.8792970521577	3602.0193197278945	SOFT
3603.3304761904797	3603.4334920634956	SOFT
3605.754399092974	3606.0793877551055	DISTRESS
3610.1647845805023	3610.3112018140623	SOFT
3613.0305668934275	3613.2400000000034	SOFT
3614.0579138322028	3614.188503401364	SOFT
3618.2448752834503	3618.3924943310694	SOFT
3622.197505668938	3622.300907029482	SOFT
3623.609546485264	3623.7561904761938	SOFT
3627.26256235828	3627.6375510204116	DISTRESS
3630.330634920638	3630.4839455782344	SOFT
3633.650816326534	3633.9758049886655	DISTRESS
3636.85024943311	3637.2752380952415	DISTRESS
3637.806689342407	3637.9282086167836	SOFT
3642.723945578235	3642.8749206349244	SOFT
3643.8426757369652	3643.9233560090743	SOFT
3645.3092063492104	3645.634195011342	DISTRESS
3647.8403174603213	3648.265306122453	DISTRESS
3650.196870748303	3650.3718594104344	DISTRESS
3651.39897959184	3651.773968253972	DISTRESS
3655.2646938775547	3655.415283446716	SOFT
3655.674081632657	3656.0990702947884	DISTRESS
3658.872925170072	3659.2479138322037	DISTRESS
3662.028412698417	3662.168458049891	SOFT
3665.295873015877	3665.5708616780084	DISTRESS
3669.608843537419	3669.9838321995508	DISTRESS
3670.2458956916144	3670.3764625850386	SOFT
3674.3490476190523	3674.674036281184	DISTRESS
3678.983356009075	3679.358344671207	DISTRESS
3681.9950793650846	3682.1478911564677	SOFT
3685.7360090703	3686.1609977324315	DISTRESS
3691.0862585034065	3691.2698866213204	SOFT
3692.792108843543	3692.893242630391	SOFT
3693.5781405895746	3693.9531292517063	DISTRESS
3697.577528344677	3697.689795918373	SOFT
3698.317437641729	3698.692426303861	DISTRESS
3698.839501133793	3699.1644897959245	DISTRESS
3700.9721995464915	3701.3471882086233	DISTRESS
3704.3315873015936	3704.448503401367	SOFT
3706.0341723356073	3706.509160997739	DISTRESS
3710.0223809523873	3710.347369614519	DISTRESS
3714.6547165532943	3715.0797052154257	DISTRESS
3718.453900226764	3718.603424036288	SOFT
3720.7375283446777	3720.8619274376483	SOFT
3721.3269841269907	3721.7019727891225	DISTRESS
3725.5112925170138	3725.936281179145	DISTRESS
3730.7973015873085	3731.1722902494403	DISTRESS
3736.1550566893497	3736.2565759637264	SOFT
3739.9207936508014	3740.295782312933	DISTRESS
3744.108185941051	3744.2133106576043	SOFT
3746.3768027210963	3746.507528344679	SOFT
3747.9626077097582	3748.3875963718897	DISTRESS
3750.2042403628193	3750.579229024951	DISTRESS
3751.536757369622	3751.6970068027285	SOFT
3753.640045351481	3753.7362585034084	SOFT
3754.733106575971	3755.1580952381023	DISTRESS
3759.9521768707555	3760.377165532887	DISTRESS
3763.5328344671275	3763.667278911572	SOFT
3763.7451927437714	3764.120181405903	DISTRESS
3767.02043083901	3767.4454195011413	DISTRESS
3769.466167800461	3769.6104988662205	SOFT
3771.6553514739303	3771.980340136062	DISTRESS
3773.9083219954723	3774.283310657604	DISTRESS
3774.440544217695	3774.5238321995544	SOFT
3776.123333333341	3776.249297052162	SOFT
3778.487687074838	3778.5615873015954	SOFT
3782.264875283455	3782.5898639455863	DISTRESS
3786.078798185949	3786.1967346938854	SOFT
3788.018253968262	3788.172199546493	SOFT
3788.8943310657673	3788.9659863945653	SOFT
3792.3395691610053	3792.714557823137	DISTRESS
3796.0945351474	3796.243424036289	SOFT
3801.0459183673547	3801.5209070294864	DISTRESS
3806.0068253968334	3806.381814058965	DISTRESS
3808.961292517015	3809.3362811791467	DISTRESS
3811.4201587301673	3811.4974149659947	SOFT
3815.5222222222305	3815.6429478458135	SOFT
3819.1864625850426	3819.611451247174	DISTRESS
3822.131950113387	3822.239863945587	SOFT
3825.1195238095324	3825.2376190476275	SOFT
3829.296122448988	3829.7211111111196	DISTRESS
3831.628548752843	3831.7795691610063	SOFT
3832.30394557824	3832.4230612244987	SOFT
3834.087709750576	3834.2107709750658	SOFT
3838.4865079365172	3838.663628117923	SOFT
3839.414104308399	3839.5836734693967	SOFT
3843.670748299329	3844.030770975066	DISTRESS
3848.259387755111	3848.5843764172428	DISTRESS
3850.991768707492	3851.4167573696236	DISTRESS
3856.2511337868573	3856.576122448989	DISTRESS
3860.867324263048	3861.2423129251797	DISTRESS
3865.3794784580596	3865.497414965996	SOFT
3865.565714285724	3865.7182993197375	SOFT
3868.8828571428667	3869.03873015874	SOFT
3870.2972335601003	3870.4237641723453	SOFT
3875.2828571428668	3875.6078458049983	DISTRESS
3878.4842857142953	3878.9092743764268	DISTRESS
3879.8182766440004	3880.293265306132	DISTRESS
3881.749705215429	3882.0746938775605	DISTRESS
3885.415759637198	3885.8407482993293	DISTRESS
3888.8052834467217	3888.980408163275	SOFT
3892.907619047629	3893.3326077097604	DISTRESS
3895.0124489796017	3895.0874603174702	SOFT
3899.9489569161096	3900.091609977334	SOFT
3900.394467120191	3900.5378684807356	SOFT
3905.4490702947946	3905.8240589569264	DISTRESS
3909.8191383220055	3909.9397732426405	SOFT
3912.1922902494434	3912.356099773253	SOFT
3913.1532426303957	3913.578231292527	DISTRESS
3916.361723356019	3916.7867120181504	DISTRESS
3919.035646258513	3919.1456009070394	SOFT
3922.898299319738	3923.2232879818694	DISTRESS
3927.283650793661	3927.558639455792	DISTRESS
3931.0078458049984	3931.33283446713	DISTRESS
3934.9927210884453	3935.144535147402	SOFT
3938.82462585035	3938.9567120181505	SOFT
3942.30358276645	3942.6285714285814	DISTRESS
3945.472176870758	3945.8971655328896	DISTRESS
3947.1048752834567	3947.4798639455885	DISTRESS
3948.5476417233663	3948.6718367347044	SOFT
3953.600272108854	3953.697369614523	SOFT
3957.1332879818697	3957.558276644001	DISTRESS
3959.0369160997834	3959.128503401371	SOFT
3962.485918367357	3962.9109070294885	DISTRESS
3964.914580498876	3965.122517006813	SOFT
3965.543424036291	3965.9684126984225	DISTRESS
3968.262993197289	3968.6379818594205	DISTRESS
3970.1014965986496	3970.2284126984227	SOFT
3973.656371882096	3973.7562131519376	SOFT
3977.5789342403727	3977.9539229025045	DISTRESS
3978.2621995464956	3978.40791383221	SOFT
3982.9335374149764	3983.0947165532984	SOFT
3983.5927210884456	3983.6957596371985	SOFT
3986.964353741507	3987.3393424036385	DISTRESS
3988.234965986405	3988.3809297052258	SOFT
3992.4493424036386	3992.597301587312	SOFT
3997.5732879818697	3997.9482766440015	DISTRESS
3998.5771428571534	3998.952131519285	DISTRESS
4003.845736961462	4004.1707256235936	DISTRESS
4008.0535147392397	4008.15276643992	SOFT
4009.7395464852716	4010.1145351474033	DISTRESS
4011.402312925181	4011.7273015873125	DISTRESS
4013.958503401371	4014.1183446712125	SOFT
4018.6788662131626	4018.778231292528	SOFT
4020.0924943310765	4020.417482993208	DISTRESS
4021.508707483004	4021.9336961451354	DISTRESS
4026.635124716564	4026.9601133786955	DISTRESS
4031.6739682539787	4031.9989569161103	DISTRESS
4032.1792517006907	4032.604240362822	DISTRESS
4034.7346258503503	4035.1596145124818	DISTRESS
4036.336961451257	4036.42589569162	SOFT
4038.5715419501234	4039.096530612255	DISTRESS
4040.7378684807354	4040.874603174613	SOFT
4044.351678004545	4044.503514739239	SOFT
4049.3756009070394	4049.5061678004636	SOFT
4050.531882086178	4050.608503401371	SOFT
4053.986507936518	4054.4114965986496	DISTRESS
4056.3367120181506	4056.497528344681	SOFT
4056.511655328808	4056.7366439909397	DISTRESS
4057.0973696145224	4057.257732426314	SOFT
4060.058571428581	4060.433560090713	DISTRESS
4064.5740136054524	4064.7576417233663	SOFT
4067.956689342414	4068.0535147392393	SOFT
4068.181768707493	4068.5067573696247	DISTRESS
4069.6492290249535	4069.747142857153	SOFT
4072.330680272119	4072.477278911575	SOFT
4075.0845804988767	4075.2822222222326	SOFT
4079.1675283446816	4079.3594331065865	SOFT
4080.5160544217792	4080.621927437652	SOFT
4081.6170068027313	4081.991995464863	DISTRESS
4085.3635827664502	4085.738571428582	DISTRESS
4086.272698412709	4086.3866893424142	SOFT
4087.8195238095345	4087.9272108843643	SOFT
4090.8525623582873	4090.9787301587407	SOFT
4091.553854875294	4091.6664399093074	SOFT
4093.265328798196	4093.640317460328	DISTRESS
4098.3220181405995	4098.477482993208	SOFT
4100.568934240373	4100.7039002267675	SOFT
4104.703310657606	4104.827006802731	SOFT
4107.1582312925275	4107.483219954659	DISTRESS
4112.389637188219	4112.52358276645	SOFT
4112.658412698423	4112.793378684817	SOFT
4116.966507936518	4117.163560090713	SOFT
4121.963083900237	4122.338072562368	DISTRESS
4123.760136054432	4123.896281179149	SOFT
4124.3824943310765	4124.657482993208	DISTRESS
4125.940839002278	4126.100068027222	SOFT
4127.381156462596	4127.493764172346	SOFT
4127.801360544228	4127.983650793662	SOFT
4129.328458049898	4129.433356009081	SOFT
4132.253310657607	4132.365850340147	SOFT
4132.379138322006	4132.7041269841375	DISTRESS
4134.435759637198	4134.81074829933	DISTRESS
4136.97761904763	4137.030249433117	SOFT
4139.6036054421875	4140.028594104319	DISTRESS
4141.14687074831	4141.243083900237	SOFT
4141.985238095249	4142.360226757381	DISTRESS
4143.992857142868	4144.156235827675	SOFT
4145.815918367358	4146.090907029489	DISTRESS
4147.269977324274	4147.3686848072675	SOFT
4148.432743764183	4148.807732426315	DISTRESS
4151.064807256247	4151.489795918379	DISTRESS
4152.022086167812	4152.182448979603	SOFT
4156.323242630397	4156.7482312925285	DISTRESS
4159.4261451247285	4159.90113378686	DISTRESS
4160.141383219966	4160.289002267585	SOFT
4161.138208616791	4161.513197278923	DISTRESS
4163.302199546497	4163.446916099785	SOFT
4166.965170068039	4167.087120181417	SOFT
4170.282970521553	4170.657959183684	DISTRESS
4173.49195011339	4173.916938775522	DISTRESS
4175.691405895704	4176.016394557835	DISTRESS
4176.417845805001	4176.534285714298	SOFT
4177.050294784593	4177.375283446724	DISTRESS
4180.507278911577	4180.635895691622	SOFT
4182.21188208618	4182.636870748312	DISTRESS
4187.491405895704	4187.8663945578355	DISTRESS
4190.206598639468	4190.4815873016	DISTRESS
4193.963696145137	4194.388684807269	DISTRESS
4199.25233560092	4199.424081632666	SOFT
4199.811088435386	4199.982811791396	SOFT
4201.177437641736	4201.552426303868	DISTRESS
4206.32002267575	4206.462063492077	SOFT
4206.676507936521	4207.051496598653	DISTRESS
4211.136417233573	4211.561405895705	DISTRESS
4213.299841269855	4213.445170068041	SOFT
4215.844467120195	4215.946394557836	SOFT
4218.603832199559	4219.028820861691	DISTRESS
4219.6384580499	4219.963446712031	DISTRESS
4224.587596371895	4224.724285714299	SOFT
4229.152222222236	4229.350430839016	SOFT
4233.797233560104	4234.222222222236	DISTRESS
4238.538639455796	4238.813628117928	DISTRESS
4241.405464852622	4241.780453514753	DISTRESS
4244.272335600921	4244.647324263053	DISTRESS
4246.588004535161	4246.912993197293	DISTRESS
4251.395215419515	4251.580498866227	SOFT
4253.177029478472	4253.322335600921	SOFT
4257.950680272123	4258.3756689342545	DISTRESS
4260.7523356009215	4261.227324263053	DISTRESS
4261.7242857143	4262.049274376432	DISTRESS
4263.814535147407	4264.239523809539	DISTRESS
4267.259931972804	4267.3304535147545	SOFT
4272.179138322011	4272.309705215434	SOFT
4274.648367346954	4274.777823129267	SOFT
4279.041315192759	4279.41630385489	DISTRESS
4279.947142857158	4280.3221315192895	DISTRESS
4281.472857142872	4281.897845805004	DISTRESS
4282.716598639471	4283.041587301603	DISTRESS
4284.897437641739	4285.07034013607	SOFT
4288.821746031761	4288.944784580513	SOFT
4292.393514739244	4292.580476190491	SOFT
4292.9139229025095	4293.011111111126	SOFT
4293.469478458065	4293.844467120197	DISTRESS
4296.254625850355	4296.332993197294	SOFT
4300.7556689342555	4300.886394557839	SOFT
4301.966190476206	4302.100634920651	SOFT
4302.753265306138	4303.17825396827	DISTRESS
4304.541655328814	4304.702811791399	SOFT
4309.607324263054	4309.699387755117	SOFT
4310.817596371897	4311.292585034028	DISTRESS
4311.806349206364	4312.181337868496	DISTRESS
4313.073265306138	4313.1668027211035	SOFT
4314.326825396841	4314.751814058973	DISTRESS
4319.33832199548	4319.763310657612	DISTRESS
4321.51138321997	4321.886371882102	DISTRESS
4323.173424036298	4323.306303854892	SOFT
4325.542743764188	4325.655306122465	SOFT
4327.210725623599	4327.336689342419	SOFT
4330.909659863961	4331.2846485260925	DISTRESS
4332.35578231294	4332.479478458065	SOFT
4336.608344671217	4336.983333333349	DISTRESS
4341.893650793667	4342.0437414966145	SOFT
4344.547551020424	4344.922539682556	DISTRESS
4345.757913832216	4345.87482993199	SOFT
4348.953922902511	4349.328911564643	DISTRESS
4349.83251700682	4349.955986394575	SOFT
4353.505374149677	4353.830362811808	DISTRESS
4358.425668934257	4358.850657596389	DISTRESS
4362.2945124716725	4362.410317460334	SOFT
4362.734875283463	4363.109863945595	DISTRESS
4365.224285714303	4365.599274376435	DISTRESS
4366.866870748317	4366.990952380969	SOFT
4371.439795918384	4371.552222222239	SOFT
4375.09691609979	4375.222879818611	SOFT
4378.505736961468	4378.636462585051	SOFT
4380.774489795936	4381.099478458067	DISTRESS
4383.118866213169	4383.213582766457	SOFT
4385.356938775527	4385.479682539699	SOFT
4388.21362811793	4388.538616780062	DISTRESS
4389.021700680289	4389.100090702965	SOFT
4390.876190476208	4390.935374149677	SOFT
4391.495102040833	4391.920090702965	DISTRESS
4394.792562358294	4394.996893424054	SOFT
4399.272290249451	4399.451950113396	SOFT
4402.988843537432	4403.1077324263215	SOFT
4404.786916099791	4404.940158730176	SOFT
4406.647392290267	4406.922380952398	DISTRESS
4410.160090702965	4410.535079365097	DISTRESS
4413.000340136072	4413.375328798204	DISTRESS
4415.567301587319	4415.694444444462	SOFT
4418.384965986412	4418.809954648544	DISTRESS
4421.865623582784	4422.018390022693	SOFT
4425.001315192761	4425.146077097523	SOFT
4429.994149659881	4430.144739229042	SOFT
4434.629070294802	4434.724058956933	SOFT
4439.552494331083	4439.827482993214	DISTRESS
4444.301814058974	4444.432970521559	SOFT
4445.519478458066	4445.629433106592	SOFT
4448.575510204098	4448.950498866229	DISTRESS
4450.636757369631	4450.76750566895	SOFT
4452.9663492063655	4453.138095238111	SOFT
4455.844308390039	4456.169297052171	DISTRESS
4460.802743764189	4460.979614512488	SOFT
4465.419727891173	4465.660680272125	SOFT
4468.4030839002435	4468.728072562375	DISTRESS
4473.086054421786	4473.209342403645	SOFT
4477.752403628135	4478.227392290266	DISTRESS
4481.950136054438	4482.026122448996	SOFT
4485.044081632669	4485.469070294801	DISTRESS
4490.130861678021	4490.231700680289	SOFT
4493.390884353758	4493.76587301589	DISTRESS
4495.998730158747	4496.103741496616	SOFT
4496.76222222224	4496.927346938794	SOFT
4497.429342403646	4497.550294784598	SOFT
4498.8747392290425	4499.249727891174	DISTRESS
4500.352471655347	4500.509637188226	SOFT
4503.764739229043	4503.849501133805	SOFT
4507.329002267591	4507.427505668951	SOFT
4510.869909297069	4511.244897959201	DISTRESS
4515.378095238112	4515.753083900244	DISTRESS
4518.846712018158	4518.952380952398	SOFT
4519.447460317478	4519.859954648543	DISTRESS
4520.909569161015	4520.963310657613	SOFT
4525.747256235844	4525.864172335618	SOFT
4529.20893424038	4529.633922902512	DISTRESS
4533.646122448997	4534.071111111129	DISTRESS
4538.358321995483	4538.733310657614	DISTRESS
4542.53505668936	4542.716417233578	SOFT
4547.529070294802	4547.705963718839	SOFT
4551.6715419501315	4551.820453514757	SOFT
4552.352902494349	4552.777891156481	DISTRESS
4552.8036507936695	4553.078639455801	DISTRESS
4556.727959183692	4556.880725623601	SOFT
4558.996530612263	4559.1859410431025	SOFT
4563.190997732445	4563.565986394577	DISTRESS
4563.726689342422	4563.873287981878	SOFT
4565.660929705234	4566.085918367366	DISTRESS
4568.1999319728075	4568.347891156481	SOFT
4572.590589569179	4572.74603174605	SOFT
4575.326734693896	4575.434648526095	SOFT
4576.673718820879	4577.098707483011	DISTRESS
4581.030839002286	4581.405827664417	DISTRESS
4583.873333333351	4584.04886621317	SOFT
4587.009433106594	4587.123424036299	SOFT
4588.117505668953	4588.230068027229	SOFT
4592.484081632671	4592.56736961453	SOFT
4596.413242630403	4596.519410430857	SOFT
4600.667120181423	4600.787755102058	SOFT
4604.5419501133965	4604.758594104326	SOFT
4607.698412698431	4607.793582766458	SOFT
4609.653560090721	4609.764625850358	SOFT
4610.91528344673	4611.083968253986	SOFT
4613.451383219973	4613.926371882104	DISTRESS
4615.768140589587	4616.193129251719	DISTRESS
4618.69140589571	4619.0163945578415	DISTRESS
4622.689047619066	4623.014036281197	DISTRESS
4624.971632653079	4625.095714285731	SOFT
4625.85564625852	4626.035306122466	SOFT
4628.258639455799	4628.583628117931	DISTRESS
4631.910816326547	4632.235804988679	DISTRESS
4636.270952380969	4636.7459410431	DISTRESS
4639.799818594121	4639.958344671218	SOFT
4641.088163265322	4641.4631519274535	DISTRESS
4643.079705215436	4643.159183673486	SOFT
4646.402312925186	4646.877301587318	DISTRESS
4650.766825396841	4650.927097505685	SOFT
4651.732766439925	4651.863038548769	SOFT
4652.86392290251	4652.967188208632	SOFT
4657.282879818609	4657.397414966002	SOFT
4661.428866213168	4661.53653061226	SOFT
4664.508526077113	4664.883514739245	DISTRESS
4666.067573696161	4666.191655328814	SOFT
4668.825328798202	4669.200317460333	DISTRESS
4673.2989569161155	4673.623945578247	DISTRESS
4675.903129251717	4676.023083900242	SOFT
4676.191156462601	4676.37213151929	SOFT
4676.464693877567	4676.789682539698	DISTRESS
4678.951655328814	4679.079410430855	SOFT
4683.067074829948	4683.542063492079	DISTRESS
4684.527120181422	4684.616258503417	SOFT
4689.4254875283605	4689.806734693893	DISTRESS
4693.953582766456	4694.114399092987	SOFT
4695.416553287998	4695.486780045368	SOFT
4699.657573696161	4700.032562358293	DISTRESS
4704.823628117931	4705.248616780063	DISTRESS
4708.41945578233	4708.533446712036	SOFT
4712.404784580516	4712.548344671219	SOFT
4713.946099773259	4714.0526077097675	SOFT
4714.3542176870915	4714.779206349223	DISTRESS
4716.297619047636	4716.622607709767	DISTRESS
4718.450907029495	4718.825895691627	DISTRESS
4722.667120181423	4723.042108843555	DISTRESS
4725.13684807258	4725.461836734711	DISTRESS
4729.391337868498	4729.517868480743	SOFT
4733.120566893442	4733.595555555573	DISTRESS
4735.422154195028	4735.583446712035	SOFT
4738.348979591853	4738.479705215436	SOFT
4740.786371882103	4740.903990929722	SOFT
4743.862494331082	4743.998730158747	SOFT
4748.453877551037	4748.630770975074	SOFT
4748.7998639455955	4749.124852607727	DISTRESS
4752.19095238097	4752.297641723374	SOFT
4755.412947845823	4755.5327664399265	SOFT
4759.698140589587	4759.89990929707	SOFT
4760.59632653063	4760.6796371882265	SOFT
4763.404353741515	4763.482947845823	SOFT
4768.200680272127	4768.625668934259	DISTRESS
4771.239750566912	4771.664739229044	DISTRESS
4773.782403628137	4774.107392290269	DISTRESS
4777.680113378704	4777.812448979611	SOFT
4780.6254195011525	4780.758548752853	SOFT
4782.265668934259	4782.640657596391	DISTRESS
4785.429138322014	4785.5765079365265	SOFT
4790.423061224508	4790.5710204081815	SOFT
4792.4010657596555	4792.51140589571	SOFT
4793.962879818612	4794.377868480744	DISTRESS
4795.554807256254	4795.879795918386	DISTRESS
4797.767981859429	4798.1429705215605	DISTRESS
4799.105147392309	4799.247823129271	SOFT
4799.29163265308	4799.666621315212	DISTRESS
4804.651269841289	4804.838231292536	SOFT
4806.282857142876	4806.657845805008	DISTRESS
4807.562675736981	4807.937664399113	DISTRESS
4811.4535827664595	4811.598888888909	SOFT
4815.429795918387	4815.5570294784775	SOFT
4815.667097505689	4815.94208616782	DISTRESS
4819.203265306142	4819.364444444464	SOFT
4823.296848072582	4823.427596371902	SOFT
4824.328934240382	4824.435600907049	SOFT
4828.680839002287	4828.8297505669125	SOFT
4831.081678004554	4831.215351473942	SOFT
4833.37723356011	4833.702222222241	DISTRESS
4837.06208616782	4837.537074829951	DISTRESS
4839.157913832219	4839.53290249435	DISTRESS
4839.600453514759	4839.691065759656	SOFT
4840.800839002287	4841.275827664418	DISTRESS
4841.856349206369	4841.955600907049	SOFT
4843.268843537435	4843.6438321995665	DISTRESS
4844.649387755122	4844.785986394578	SOFT
4847.270430839022	4847.745419501153	DISTRESS
4852.531972789135	4852.693129251719	SOFT
4854.55267573698	4854.927664399112	DISTRESS
4855.124217687094	4855.4992063492255	DISTRESS
4858.415011337887	4858.601133786867	SOFT
4859.039682539701	4859.17886621317	SOFT
4863.952539682558	4864.082925170087	SOFT
4868.15879818596	4868.2837188208805	SOFT
4868.877460317479	4869.038321995484	SOFT
4869.11700680274	4869.270952380972	SOFT
4873.153514739249	4873.5285034013805	DISTRESS
4873.760861678024	4874.135850340156	DISTRESS
4875.553469387775	4875.878458049907	DISTRESS
4876.252471655349	4876.376553288002	SOFT
4877.7892517007	4877.915238095258	SOFT
4880.032517006823	4880.160816326551	SOFT
4882.096054421789	4882.47104308392	DISTRESS
4885.425215419521	4885.602108843557	SOFT
4890.027936507956	4890.452925170088	DISTRESS
4894.542471655349	4894.659319727912	SOFT
4897.602108843558	4897.634580498887	SOFT
4901.007709750587	4901.174308390043	SOFT
4904.8450566893625	4905.320045351494	DISTRESS
4907.929705215439	4908.058798185961	SOFT
4911.4338321995665	4911.565170068047	SOFT
4914.569863945599	4914.698163265327	SOFT
4918.837732426325	4918.979070294806	SOFT
4920.479455782334	4920.904444444466	DISTRESS
4924.196734693899	4924.571723356031	DISTRESS
4927.248095238117	4927.3798639456	SOFT
4927.758185941065	4928.083174603196	DISTRESS
4928.33680272111	4928.475192743786	SOFT
4930.614557823151	4931.039546485283	DISTRESS
4935.542993197301	4935.677959183696	SOFT
4938.819274376439	4939.244263038571	DISTRESS
4941.545827664421	4941.669523809546	SOFT
4946.617596371904	4946.892585034036	DISTRESS
4949.253560090725	4949.628548752857	DISTRESS
4953.649387755124	4954.174376417255	DISTRESS
4957.469727891178	4957.89471655331	DISTRESS
4958.474693877573	4958.6274603174825	SOFT
4960.587074829954	4961.012063492086	DISTRESS
4963.828571428594	4964.103560090725	DISTRESS
4965.5904761904985	4966.01546485263	DISTRESS
4966.755600907052	4966.95517006805	SOFT
4971.609909297075	4972.034897959207	DISTRESS
4976.959319727915	4977.334308390046	DISTRESS
4981.8324716553525	4982.207460317484	DISTRESS
4984.520045351498	4984.84503401363	DISTRESS
4989.581496598664	4989.906485260795	DISTRESS
4991.309070294809	4991.734058956941	DISTRESS
4991.73727891159	4991.89272108846	SOFT
4995.266734693902	4995.470158730183	SOFT
4995.836099773267	4996.211088435399	DISTRESS
5000.395827664423	5000.770816326555	DISTRESS
5004.445963718846	5004.808458049912	DISTRESS
5006.522562358302	5006.8475510204335	DISTRESS
5007.403854875309	5007.503219954674	SOFT
5011.6956009070545	5011.84555555558	SOFT
5013.171927437666	5013.247528344696	SOFT
5013.727301587326	5014.052290249458	DISTRESS
5014.98145124719	5015.406439909322	DISTRESS
5016.702358276669	5016.8563038549	SOFT
5021.239773242655	5021.349387755127	SOFT
5024.86346938778	5025.00086167803	SOFT
5027.665941043109	5027.721927437668	SOFT
5031.59444444447	5031.729183673495	SOFT
5036.170317460343	5036.5953061224745	DISTRESS
5039.1242176871	5039.499206349232	DISTRESS
5043.502630385513	5043.612607709776	SOFT
5044.67854875286	5045.1035374149915	DISTRESS
5046.763333333359	5046.874263038574	SOFT
5047.180226757395	5047.340498866239	SOFT
5049.636439909323	5050.111428571454	DISTRESS
5050.503219954674	5050.664036281205	SOFT
5054.735147392316	5055.160136054448	DISTRESS
5055.214988662158	5055.324580498893	SOFT
